n02124075_10012,Cat
n02124075_10024,Cat
n02124075_10033,Cat
n02124075_10034,Cat
n02124075_10035,Cat
n02124075_10047,Cat
n02124075_10051,Cat
n02124075_10052,Cat
n02124075_10058,Cat
n02124075_10071,Cat
n02124075_10103,Cat
n02124075_10131,Cat
n02124075_10155,Cat
n02124075_10162,Cat
n02124075_10190,Cat
n02124075_10241,Cat
n02124075_10245,Cat
n02124075_1027,Cat
n02124075_10310,Bottle
n02124075_10338,Cat
n02124075_10346,Cat
n02124075_10377,Cat
n02124075_10394,Cat
n02124075_10395,Cat
n02124075_10422,Cat
n02124075_10422,TV/Monitor
n02124075_10444,Cat
n02124075_10456,Cat
n02124075_10472,Cat
n02124075_10523,Cat
n02124075_10525,Cat
n02124075_10541,Cat
n02124075_10541,Sofa
n02124075_10566,Cat
n02124075_10566,Dog
n02124075_10611,Cat
n02124075_10619,Cat
n02124075_10660,Cat
n02124075_10660,Sofa
n02124075_10681,Cat
n02124075_10694,Cat
n02124075_10701,Cat
n02124075_10718,Cat
n02124075_10746,Cat
n02124075_10750,Cat
n02124075_10774,Cat
n02124075_10775,Cat
n02124075_10792,Cat
n02124075_10880,Cat
n02124075_10887,Cat
n02124075_1089,Cat
n02124075_10894,Cat
n02124075_10896,Cat
n02124075_10903,Cat
n02124075_10908,Cat
n02124075_10910,Cat
n02124075_10914,Cat
n02124075_10923,Cat
n02124075_10976,Bird
n02124075_1100,Cat
n02124075_1102,Cat
n02124075_11030,Cat
n02124075_11039,Cat
n02124075_11053,Cat
n02124075_11089,Cat
n02124075_11089,Person
n02124075_1109,Cat
n02124075_11135,Cat
n02124075_11142,Cat
n02124075_11145,Person
n02124075_11145,Cat
n02124075_11160,Cat
n02124075_11176,Cat
n02124075_11194,Cat
n02124075_11203,Cat
n02124075_11209,Cat
n02124075_1121,Cat
n02124075_11251,Cat
n02124075_11252,Cat
n02124075_11259,Cat
n02124075_11413,Cat
n02124075_1144,Cat
n02124075_11452,Cat
n02124075_11473,Cat
n02124075_11489,Cat
n02124075_11526,Cat
n02124075_11528,Cat
n02124075_11529,Cat
n02124075_11537,Person
n02124075_11537,Cat
n02124075_11552,Cat
n02124075_11582,Cat
n02124075_11652,Cat
n02124075_11684,Cat
n02124075_11704,Cat
n02124075_11706,Cat
n02124075_11710,Cat
n02124075_11721,Cat
n02124075_11762,Cat
n02124075_11763,Cat
n02124075_11774,Cat
n02124075_11776,Cat
n02124075_11787,Cat
n02124075_11788,Cat
n02124075_11788,Chair
n02124075_11816,Cat
n02124075_11816,TV/Monitor
n02124075_11817,Cat
n02124075_1183,Cat
n02124075_11830,Cat
n02124075_11888,Cat
n02124075_11910,Cat
n02124075_11928,Cat
n02124075_11955,Cat
n02124075_11970,Cat
n02124075_11979,Cat
n02124075_11983,Cat
n02124075_12042,Cat
n02124075_12069,Cat
n02124075_12102,Cat
n02124075_12108,Cat
n02124075_12118,Cat
n02124075_12132,Cat
n02124075_12150,Cat
n02124075_12170,Cat
n02124075_12173,Cat
n02124075_1218,Cat
n02124075_12184,Cat
n02124075_12193,Cat
n02124075_12210,Cat
n02124075_12218,Cat
n02124075_12219,Cat
n02124075_1226,Cat
n02124075_12273,Cat
n02124075_12274,Cat
n02124075_12286,Cat
n02124075_12299,Cat
n02124075_12299,Sofa
n02124075_12369,Cat
n02124075_12381,Cat
n02124075_12430,Cat
n02124075_12467,Cat
n02124075_12467,Chair
n02124075_12629,Cat
n02124075_12647,Cat
n02124075_12672,Cat
n02124075_12686,Cat
n02124075_12698,Cat
n02124075_12730,Cat
n02124075_1277,Cat
n02124075_1279,Cat
n02124075_1281,Cat
n02124075_12824,Cat
n02124075_12904,Cat
n02124075_13008,Cat
n02124075_13102,Cat
n02124075_13282,Cat
n02124075_13357,Cat
n02124075_13369,Cat
n02124075_13389,Cat
n02124075_13477,Cat
n02124075_13532,Cat
n02124075_13539,Cat
n02124075_1360,Cat
n02124075_1363,Cat
n02124075_13678,Cat
n02124075_1368,Cat
n02124075_13683,Cat
n02124075_13688,Cat
n02124075_13696,Cat
n02124075_13756,Cat
n02124075_1382,Cat
n02124075_13871,Cat
n02124075_13894,Cat
n02124075_13897,Cat
n02124075_14094,Cat
n02124075_14132,Cat
n02124075_14149,Cat
n02124075_14208,Cat
n02124075_1422,Cat
n02124075_14229,Cat
n02124075_1426,Cat
n02124075_14267,Cat
n02124075_1430,Cat
n02124075_14363,Cat
n02124075_14390,Cat
n02124075_14568,Cat
n02124075_1460,Cat
n02124075_14612,Cat
n02124075_14633,Cat
n02124075_14693,Cat
n02124075_14837,Cat
n02124075_14937,Cat
n02124075_14965,Cat
n02124075_1499,Cat
n02124075_15001,Cat
n02124075_15039,Cat
n02124075_15048,Cat
n02124075_15052,Cat
n02124075_15073,Cat
n02124075_15123,Cat
n02124075_15158,Cat
n02124075_15260,Cat
n02124075_15370,Person
n02124075_15370,Cat
n02124075_15399,Cat
n02124075_15419,Cat
n02124075_15437,Cat
n02124075_155,Cat
n02124075_1560,Cat
n02124075_1576,Cat
n02124075_1590,Cat
n02124075_15947,Cat
n02124075_1608,Cat
n02124075_1624,Cat
n02124075_1630,Cat
n02124075_16483,Dog
n02124075_1696,Cat
n02124075_1707,Cat
n02124075_1723,Cat
n02124075_17592,Cat
n02124075_1763,Cat
n02124075_17652,Cat
n02124075_1795,Cat
n02124075_18,Cat
n02124075_1806,Cat
n02124075_1827,Cat
n02124075_1839,Cat
n02124075_1839,Sofa
n02124075_1853,Cat
n02124075_18687,Cat
n02124075_1882,Cat
n02124075_191,Cat
n02124075_1911,Cat
n02124075_1913,Cat
n02124075_1913,Potted plant
n02124075_1953,Cat
n02124075_1969,Cat
n02124075_19870,Cat
n02124075_1988,Dog
n02124075_1988,Cat
n02124075_19942,Cat
n02124075_19942,Chair
n02124075_20092,Cat
n02124075_20295,Cat
n02124075_2053,Cat
n02124075_2054,Cat
n02124075_2113,Cat
n02124075_21297,Cat
n02124075_2138,Cat
n02124075_2148,Cat
n02124075_2223,Cat
n02124075_2231,Dog
n02124075_2305,Cat
n02124075_2308,Cat
n02124075_235,Cat
n02124075_2400,Cat
n02124075_2410,Cat
n02124075_2417,Cat
n02124075_2419,Cat
n02124075_2480,Cat
n02124075_2487,Cat
n02124075_2502,Cat
n02124075_2522,Cat
n02124075_2522,Sofa
n02124075_2565,Cat
n02124075_2606,Cat
n02124075_2612,Cat
n02124075_2650,Cat
n02124075_2671,Person
n02124075_2671,Cat
n02124075_2675,Cat
n02124075_2715,Cat
n02124075_2751,Cat
n02124075_2751,Chair
n02124075_2771,Cat
n02124075_278,Cat
n02124075_2806,Cat
n02124075_2813,Cat
n02124075_2958,Cat
n02124075_2963,Cat
n02124075_2993,Cat
n02124075_3017,Cat
n02124075_3021,Cat
n02124075_3039,Cat
n02124075_3045,Cat
n02124075_3053,Cat
n02124075_3091,Cat
n02124075_3121,Cat
n02124075_3130,Dog
n02124075_3162,Cat
n02124075_3178,Cat
n02124075_3230,Cat
n02124075_3232,Cat
n02124075_3243,Cat
n02124075_3324,Cat
n02124075_3328,Cat
n02124075_3333,Cat
n02124075_3365,Cat
n02124075_3365,Sofa
n02124075_3383,Cat
n02124075_3412,Cat
n02124075_3436,Cat
n02124075_3444,Cat
n02124075_3461,Cat
n02124075_3490,Dog
n02124075_3497,Cat
n02124075_353,Cat
n02124075_3533,Cat
n02124075_3546,Cat
n02124075_3549,Cat
n02124075_3592,Cat
n02124075_36,Cat
n02124075_36,Person
n02124075_3636,Cat
n02124075_3645,Cat
n02124075_3653,Cat
n02124075_3661,Cat
n02124075_3675,Cat
n02124075_3675,Potted plant
n02124075_3676,Cat
n02124075_3692,Cat
n02124075_3693,Cat
n02124075_3699,Cat
n02124075_3707,Cat
n02124075_3734,Cat
n02124075_3734,Potted plant
n02124075_380,Cat
n02124075_3832,Cat
n02124075_3843,Cat
n02124075_3850,Cat
n02124075_386,Cat
n02124075_3863,Cat
n02124075_387,Cat
n02124075_3900,Cat
n02124075_3942,Cat
n02124075_4055,Cat
n02124075_4148,Person
n02124075_4148,Cat
n02124075_4157,Cat
n02124075_416,Cat
n02124075_4165,Cat
n02124075_4172,Cat
n02124075_418,Cat
n02124075_4189,Cat
n02124075_4198,Cat
n02124075_4220,Cat
n02124075_4275,Cat
n02124075_4275,Person
n02124075_4279,Cat
n02124075_428,Cat
n02124075_429,Cat
n02124075_4294,Cat
n02124075_431,Cat
n02124075_4323,Cat
n02124075_4347,Sheep
n02124075_4350,Cat
n02124075_4357,Cat
n02124075_4377,Cat
n02124075_4425,Cat
n02124075_4425,Person
n02124075_446,Cat
n02124075_4476,Cat
n02124075_4538,Cat
n02124075_4559,Cat
n02124075_4605,Cat
n02124075_4605,Sofa
n02124075_4649,Cat
n02124075_4650,Cat
n02124075_475,Person
n02124075_475,Cat
n02124075_4797,Cat
n02124075_4834,Cat
n02124075_4839,Cat
n02124075_4839,Potted plant
n02124075_4946,Cat
n02124075_4973,Cat
n02124075_5000,Cat
n02124075_5054,Cat
n02124075_5054,Sofa
n02124075_507,Cat
n02124075_5077,Cat
n02124075_5133,Cat
n02124075_5153,Cat
n02124075_5172,Cat
n02124075_5174,Cat
n02124075_5186,Cat
n02124075_5186,Person
n02124075_5204,Potted plant
n02124075_5204,Cat
n02124075_5204,Chair
n02124075_5224,Cat
n02124075_5231,Cat
n02124075_5238,Cat
n02124075_5243,Cat
n02124075_5273,Cat
n02124075_531,Cat
n02124075_5325,Cat
n02124075_5365,Cat
n02124075_5369,Cat
n02124075_538,Cat
n02124075_5386,Cat
n02124075_5424,Cat
n02124075_544,Cat
n02124075_5449,Cat
n02124075_5475,Cat
n02124075_5475,Dog
n02124075_5552,Cat
n02124075_5557,Cat
n02124075_5575,Cat
n02124075_5632,Cat
n02124075_57,Cat
n02124075_5707,Cat
n02124075_5756,Cat
n02124075_5768,Cat
n02124075_5795,Cat
n02124075_583,Cat
n02124075_5834,Dog
n02124075_5853,Cat
n02124075_5926,Cat
n02124075_5970,Cat
n02124075_604,Cat
n02124075_605,Cat
n02124075_6065,Cat
n02124075_6093,Cat
n02124075_6144,Cat
n02124075_6158,Cat
n02124075_6166,Cat
n02124075_6207,Cat
n02124075_6237,Cat
n02124075_6257,Cat
n02124075_6328,Cat
n02124075_6345,Cat
n02124075_6351,Cat
n02124075_6380,Cat
n02124075_6414,Cat
n02124075_6448,Cat
n02124075_6459,Cat
n02124075_6461,Cat
n02124075_6464,Cat
n02124075_649,Cat
n02124075_6508,Cat
n02124075_6510,Cat
n02124075_6561,Cat
n02124075_6626,Cat
n02124075_669,Cat
n02124075_6712,Cat
n02124075_6715,Cat
n02124075_6716,Cat
n02124075_6722,Cat
n02124075_6733,Cat
n02124075_6734,Cat
n02124075_6752,Cat
n02124075_6756,Cat
n02124075_678,Cat
n02124075_6794,Cat
n02124075_686,Cat
n02124075_6864,Cat
n02124075_6918,Cat
n02124075_6973,Cat
n02124075_6998,Cat
n02124075_7059,Cat
n02124075_7134,Dog
n02124075_714,Cat
n02124075_7196,Cat
n02124075_7230,Cat
n02124075_724,Cat
n02124075_7240,Cat
n02124075_7240,Person
n02124075_7250,Cat
n02124075_7265,Cat
n02124075_7271,Cat
n02124075_7300,Cat
n02124075_731,Cat
n02124075_7311,Cat
n02124075_7323,Cat
n02124075_7332,Cat
n02124075_7338,Cat
n02124075_7375,Cat
n02124075_7399,Cat
n02124075_7406,Cat
n02124075_7419,Cat
n02124075_7425,Cat
n02124075_7446,Cat
n02124075_7470,Cat
n02124075_754,Cat
n02124075_7579,Cat
n02124075_7616,Dog
n02124075_7643,Cat
n02124075_7648,Cat
n02124075_7651,Cat
n02124075_7655,Cat
n02124075_7668,Cat
n02124075_7691,Cat
n02124075_7692,Cat
n02124075_7692,Person
n02124075_7704,Sofa
n02124075_7704,Cat
n02124075_7737,Cat
n02124075_7760,Cat
n02124075_7770,Cat
n02124075_7793,Cat
n02124075_7802,Dog
n02124075_7854,Cat
n02124075_7857,Cat
n02124075_7921,Cat
n02124075_7925,Cat
n02124075_7932,Cat
n02124075_7961,Cat
n02124075_7973,Cat
n02124075_7979,Cat
n02124075_8007,Cat
n02124075_8028,Cat
n02124075_8031,Cat
n02124075_8071,Cat
n02124075_8077,Cat
n02124075_810,Cat
n02124075_8123,Cat
n02124075_8140,Cat
n02124075_8171,Cat
n02124075_8197,Cat
n02124075_8199,Cat
n02124075_8199,Sofa
n02124075_8245,Cat
n02124075_8277,Cat
n02124075_8310,Cat
n02124075_8341,Cat
n02124075_8351,Cat
n02124075_8383,Cat
n02124075_8393,Cat
n02124075_8400,Cat
n02124075_8408,Cat
n02124075_8414,Cat
n02124075_843,Cat
n02124075_8470,Cat
n02124075_853,Cat
n02124075_8561,Cat
n02124075_8569,Cat
n02124075_8583,Cat
n02124075_8595,Cat
n02124075_8630,Cat
n02124075_8673,Cat
n02124075_8683,Cat
n02124075_869,Cat
n02124075_8693,Cat
n02124075_8725,Dog
n02124075_8732,Cat
n02124075_8747,Cat
n02124075_8781,Cat
n02124075_8786,Cat
n02124075_880,Cat
n02124075_880,Person
n02124075_8833,Cat
n02124075_8855,Cat
n02124075_8875,Cat
n02124075_8890,Cat
n02124075_891,Cat
n02124075_8955,Cat
n02124075_896,Cat
n02124075_8985,Cat
n02124075_8985,Sofa
n02124075_9010,Cat
n02124075_9053,Cat
n02124075_9113,Cat
n02124075_9137,Cat
n02124075_9138,Cat
n02124075_9149,Cat
n02124075_9188,Cat
n02124075_9224,Cat
n02124075_9225,Cat
n02124075_9266,Cat
n02124075_9291,Cat
n02124075_9300,Cat
n02124075_9325,Cat
n02124075_9329,Cat
n02124075_9339,Cat
n02124075_9352,Cat
n02124075_9358,Cat
n02124075_9371,Cat
n02124075_9371,Person
n02124075_941,Cat
n02124075_9419,Cat
n02124075_9426,Cat
n02124075_9433,Cat
n02124075_9444,Cat
n02124075_945,Cat
n02124075_9474,Cat
n02124075_9490,Cat
n02124075_9499,Cat
n02124075_9501,Cat
n02124075_951,Cat
n02124075_9512,Cat
n02124075_9512,Sofa
n02124075_9528,Cat
n02124075_9555,Cat
n02124075_9568,Cat
n02124075_9573,Cat
n02124075_9602,Cat
n02124075_9618,Cat
n02124075_9644,Cat
n02124075_9659,Cat
n02124075_9679,Cat
n02124075_9706,Cat
n02124075_9710,Cat
n02124075_9710,Person
n02124075_9723,Cat
n02124075_9738,Cat
n02124075_9747,Cat
n02124075_9752,Cat
n02124075_9771,Cat
n02124075_9798,Cat
n02124075_9830,Cat
n02124075_9860,Cat
n02124075_9894,Cat
n02124075_9907,Cat
n02124075_9919,Cat
n02124075_9979,Cat
n02124075_9999,Cat
n02123394_10052,Cat
n02123394_1006,Cat
n02123394_10088,Cat
n02123394_10109,Cat
n02123394_10126,Cat
n02123394_1013,Cat
n02123394_10235,Dog
n02123394_10235,Potted plant
n02123394_1024,Cat
n02123394_1035,Cat
n02123394_10400,Cat
n02123394_10400,Dog
n02123394_10401,Cat
n02123394_1052,Dog
n02123394_1063,Cat
n02123394_1069,Cat
n02123394_10767,Cat
n02123394_1084,Cat
n02123394_1086,Cat
n02123394_1095,Cat
n02123394_1104,Cat
n02123394_11072,Cat
n02123394_1114,Cat
n02123394_1115,Cat
n02123394_1120,Cat
n02123394_1122,Cat
n02123394_1135,Cat
n02123394_1156,Cat
n02123394_116,Cat
n02123394_1164,Cat
n02123394_1174,Cat
n02123394_1178,Cat
n02123394_1179,Cat
n02123394_1205,Cat
n02123394_121,Cat
n02123394_1235,Cat
n02123394_1238,Cat
n02123394_1243,Cat
n02123394_1273,Cat
n02123394_1281,Cat
n02123394_1307,Cat
n02123394_131,Person
n02123394_1362,Cat
n02123394_1365,Cat
n02123394_1391,Cat
n02123394_1412,Cat
n02123394_1416,Cat
n02123394_1418,Cat
n02123394_1469,Cat
n02123394_1507,Cat
n02123394_1512,Cat
n02123394_1514,Cat
n02123394_1533,Cat
n02123394_1541,Bird
n02123394_1548,Cat
n02123394_1556,Cat
n02123394_1598,Cat
n02123394_1633,Cat
n02123394_1638,Cat
n02123394_1651,Cat
n02123394_1657,Cat
n02123394_1672,Cat
n02123394_1674,Cat
n02123394_1677,Cat
n02123394_1678,Cat
n02123394_1680,Cat
n02123394_1685,Cat
n02123394_1690,Cat
n02123394_1692,Cat
n02123394_1703,Cat
n02123394_1708,Cat
n02123394_1708,Dog
n02123394_1708,Sofa
n02123394_1725,Cat
n02123394_1726,Cat
n02123394_1732,Cat
n02123394_1744,Cat
n02123394_1747,Cat
n02123394_1748,Cat
n02123394_1756,Cat
n02123394_1761,Cat
n02123394_1767,Cat
n02123394_1798,Person
n02123394_1813,Cat
n02123394_1817,Cat
n02123394_1834,Cat
n02123394_1844,Person
n02123394_1844,Cat
n02123394_1845,Cat
n02123394_1845,Chair
n02123394_185,Cat
n02123394_1871,Cat
n02123394_1872,Cat
n02123394_192,Cat
n02123394_1926,Cat
n02123394_194,Cat
n02123394_1940,Cat
n02123394_1942,Cat
n02123394_1943,Cat
n02123394_1953,Cat
n02123394_1954,Cat
n02123394_1957,Cat
n02123394_1957,Sofa
n02123394_1964,Cat
n02123394_1979,Cat
n02123394_1980,Cat
n02123394_1996,Cat
n02123394_200,Cat
n02123394_2004,Cat
n02123394_2010,Cat
n02123394_2013,Cat
n02123394_2019,Cat
n02123394_2040,Cat
n02123394_2047,Cat
n02123394_2053,Dog
n02123394_2055,Cat
n02123394_2059,Cat
n02123394_2076,Cat
n02123394_2080,Cat
n02123394_2084,Cat
n02123394_2086,Cat
n02123394_2095,Cat
n02123394_2099,Cat
n02123394_210,Cat
n02123394_2101,Cat
n02123394_2105,Cat
n02123394_2119,Cat
n02123394_2129,Cat
n02123394_2132,Cat
n02123394_2147,Cat
n02123394_2159,Cat
n02123394_2164,Cat
n02123394_2167,Cat
n02123394_2169,Cat
n02123394_2171,Cat
n02123394_2174,Cat
n02123394_2178,Dog
n02123394_2179,Cat
n02123394_2180,Cat
n02123394_2192,Cat
n02123394_2193,Cat
n02123394_2200,Cat
n02123394_2213,Cat
n02123394_2219,Cat
n02123394_2222,Cat
n02123394_2227,Cat
n02123394_2232,Cat
n02123394_2233,Dog
n02123394_2243,Cat
n02123394_2249,Cat
n02123394_2265,Cat
n02123394_2267,Person
n02123394_2269,Cat
n02123394_2270,Cat
n02123394_2282,Cat
n02123394_2283,Cat
n02123394_2285,Cat
n02123394_2288,Cat
n02123394_2289,Cat
n02123394_2293,Cat
n02123394_2314,Cat
n02123394_2350,Dog
n02123394_2350,Cat
n02123394_2354,Cat
n02123394_2357,Dog
n02123394_2358,Cat
n02123394_2359,Cat
n02123394_2364,Cat
n02123394_2386,Cat
n02123394_2398,Cat
n02123394_2405,Cat
n02123394_2411,Cat
n02123394_2427,Cat
n02123394_2429,Cat
n02123394_2431,Cat
n02123394_2435,Cat
n02123394_2439,Cat
n02123394_2450,Cat
n02123394_2455,Cat
n02123394_2461,Cat
n02123394_2469,Cat
n02123394_2475,Cat
n02123394_2477,Cat
n02123394_2483,Cat
n02123394_2490,Cat
n02123394_2491,Cat
n02123394_2492,Cat
n02123394_2496,Cat
n02123394_2500,Cat
n02123394_2500,Dog
n02123394_2503,Cat
n02123394_2504,Cat
n02123394_2507,Cat
n02123394_2508,Dog
n02123394_2514,Cat
n02123394_2515,Cat
n02123394_2516,Cat
n02123394_2517,Cat
n02123394_2518,Cat
n02123394_2525,Dog
n02123394_2537,Dog
n02123394_2537,Person
n02123394_2545,Cat
n02123394_2546,Person
n02123394_2546,Cat
n02123394_2549,Cat
n02123394_2553,Cat
n02123394_256,Cat
n02123394_2568,Cat
n02123394_2573,Cat
n02123394_2593,Cat
n02123394_2611,Cat
n02123394_2616,Cat
n02123394_2626,Cat
n02123394_2628,Cat
n02123394_2632,Cat
n02123394_2634,Cat
n02123394_2635,Cat
n02123394_2648,Cat
n02123394_2665,Cat
n02123394_267,Cat
n02123394_2690,Cat
n02123394_2691,Cat
n02123394_2692,Cat
n02123394_2693,Cat
n02123394_2699,Cat
n02123394_270,Cat
n02123394_2711,Cat
n02123394_2730,Cat
n02123394_274,Cat
n02123394_2745,Person
n02123394_2745,Cat
n02123394_275,Cat
n02123394_2755,Cat
n02123394_2761,Cat
n02123394_2764,Cat
n02123394_2777,Cat
n02123394_278,Cat
n02123394_2784,Cat
n02123394_2787,Cat
n02123394_2793,Cat
n02123394_28,Dog
n02123394_2808,Cat
n02123394_2811,Cat
n02123394_2814,Cat
n02123394_2840,Cat
n02123394_2844,Cat
n02123394_2848,Cat
n02123394_2858,Dog
n02123394_2858,Person
n02123394_2859,Cat
n02123394_2862,Cat
n02123394_2872,Cat
n02123394_2882,Cat
n02123394_2903,Cat
n02123394_2924,Cat
n02123394_2931,Cat
n02123394_2953,Cat
n02123394_2963,Cat
n02123394_2984,Cat
n02123394_2988,Dog
n02123394_2995,Cat
n02123394_2996,Dog
n02123394_3011,Cat
n02123394_3027,Cat
n02123394_3062,Cat
n02123394_3083,Cat
n02123394_3102,Cat
n02123394_3110,Cat
n02123394_3144,Cat
n02123394_3154,Cat
n02123394_3157,Cat
n02123394_3158,Cat
n02123394_3166,Cat
n02123394_3167,Cat
n02123394_3178,Cat
n02123394_3179,Cat
n02123394_3218,Cat
n02123394_3229,Cat
n02123394_3229,TV/Monitor
n02123394_3252,Cat
n02123394_3269,Cat
n02123394_3279,Cat
n02123394_3291,Cat
n02123394_3307,Cat
n02123394_3328,Cat
n02123394_3339,Cat
n02123394_335,Cat
n02123394_3400,Cat
n02123394_341,Cat
n02123394_3423,Cat
n02123394_3442,Cat
n02123394_345,Cat
n02123394_348,Cat
n02123394_3503,Cat
n02123394_3508,Cat
n02123394_3516,Cat
n02123394_3537,Cat
n02123394_3547,Cat
n02123394_3569,Cat
n02123394_3598,Dog
n02123394_3612,Cat
n02123394_3656,Cat
n02123394_3667,Cat
n02123394_3713,Cat
n02123394_374,Cat
n02123394_3756,Cat
n02123394_377,Cat
n02123394_377,Person
n02123394_3770,Cat
n02123394_3786,Cat
n02123394_3808,Dog
n02123394_383,Dog
n02123394_384,Person
n02123394_384,Cat
n02123394_384,Dog
n02123394_387,Cat
n02123394_3872,Cat
n02123394_3889,Cat
n02123394_3898,Dog
n02123394_3949,Dog
n02123394_402,Cat
n02123394_4067,Cat
n02123394_4096,Cat
n02123394_4161,Cat
n02123394_4167,Cat
n02123394_417,Cat
n02123394_4178,Cat
n02123394_4228,Cat
n02123394_4286,Person
n02123394_4286,Cat
n02123394_4299,Cat
n02123394_4303,Cat
n02123394_4327,Cat
n02123394_4328,Cat
n02123394_4372,Cat
n02123394_4380,Cat
n02123394_4383,Cat
n02123394_4385,Cat
n02123394_4391,Cat
n02123394_4449,Cat
n02123394_4490,Cat
n02123394_4515,Cat
n02123394_4520,Person
n02123394_4520,Cat
n02123394_4542,Cat
n02123394_459,Cat
n02123394_4617,Cat
n02123394_4620,Cat
n02123394_4633,Cat
n02123394_4656,Dog
n02123394_4656,Sofa
n02123394_4658,Cat
n02123394_4659,Cat
n02123394_4662,Cat
n02123394_4664,Cat
n02123394_4666,Cat
n02123394_4675,Cat
n02123394_4678,Cat
n02123394_4696,Cat
n02123394_4696,Potted plant
n02123394_4697,Cat
n02123394_4714,Cat
n02123394_4721,Cat
n02123394_4725,Cat
n02123394_4755,Cat
n02123394_4775,Cat
n02123394_4779,Cat
n02123394_4779,Dog
n02123394_4785,Cat
n02123394_481,Dog
n02123394_4837,Cat
n02123394_4877,Cat
n02123394_4878,Cat
n02123394_489,Cat
n02123394_4896,Person
n02123394_4896,Cat
n02123394_490,Cat
n02123394_4964,Cat
n02123394_4971,Cat
n02123394_5052,Cat
n02123394_5054,Cat
n02123394_5071,Cat
n02123394_5075,Cat
n02123394_5092,Cat
n02123394_5104,Cat
n02123394_5105,Cat
n02123394_5155,Cat
n02123394_516,Cat
n02123394_5170,Cat
n02123394_5177,Cat
n02123394_5180,Dog
n02123394_5199,Cat
n02123394_5207,Cat
n02123394_5264,Cat
n02123394_5283,Cat
n02123394_530,Dog
n02123394_5301,Cat
n02123394_533,Cat
n02123394_5335,Cat
n02123394_5341,Cat
n02123394_535,Cat
n02123394_5377,Cat
n02123394_538,Cat
n02123394_5402,Cat
n02123394_546,Cat
n02123394_5468,Cat
n02123394_5470,Cat
n02123394_549,Cat
n02123394_5529,Cat
n02123394_5552,Cat
n02123394_5568,Dog
n02123394_5568,Cat
n02123394_557,Cat
n02123394_5622,Cat
n02123394_5638,Cat
n02123394_5669,Cat
n02123394_5679,Cat
n02123394_5708,Cat
n02123394_5708,Dog
n02123394_5708,Person
n02123394_571,Cat
n02123394_5724,Cat
n02123394_5741,Cat
n02123394_5752,Cat
n02123394_580,Cat
n02123394_5822,Dog
n02123394_583,Cat
n02123394_5855,Dog
n02123394_5856,Cat
n02123394_5895,Cat
n02123394_5903,Cat
n02123394_5909,Cat
n02123394_591,Cat
n02123394_5914,Cat
n02123394_5943,Cat
n02123394_5968,Cat
n02123394_597,Cat
n02123394_598,Cat
n02123394_6001,Cat
n02123394_6012,Cat
n02123394_602,Cat
n02123394_6048,Cat
n02123394_6080,Cat
n02123394_6092,Cat
n02123394_6100,Cat
n02123394_6101,Cat
n02123394_6157,Cat
n02123394_6166,Cat
n02123394_6246,Cat
n02123394_6265,Cat
n02123394_6271,Cat
n02123394_6311,Cat
n02123394_632,Cat
n02123394_6324,Cat
n02123394_6328,Cat
n02123394_633,Cat
n02123394_635,Cat
n02123394_6362,Cat
n02123394_6381,Cat
n02123394_6382,Cat
n02123394_6419,Cat
n02123394_6487,Cat
n02123394_6490,Cat
n02123394_6496,Cat
n02123394_6501,Cat
n02123394_6502,Cat
n02123394_6515,Cat
n02123394_6521,Dog
n02123394_6530,Cat
n02123394_6540,Cat
n02123394_6551,Cat
n02123394_6598,Cat
n02123394_66,Person
n02123394_66,Cat
n02123394_661,Cat
n02123394_6670,Cat
n02123394_6702,Cat
n02123394_673,Cat
n02123394_673,Potted plant
n02123394_6755,Cat
n02123394_6800,Cat
n02123394_682,Dog
n02123394_682,Cat
n02123394_6823,Cat
n02123394_6846,Cat
n02123394_6847,Person
n02123394_6847,Cat
n02123394_685,Person
n02123394_6850,Cat
n02123394_6856,Cat
n02123394_6857,Cat
n02123394_6875,Cat
n02123394_693,Dog
n02123394_6938,Cat
n02123394_6962,Cat
n02123394_7010,Cat
n02123394_702,Cat
n02123394_7030,Cat
n02123394_7070,Cat
n02123394_7074,Cat
n02123394_7077,Cat
n02123394_7078,Cat
n02123394_7105,Cat
n02123394_7128,Dog
n02123394_719,Cat
n02123394_7196,Cat
n02123394_7202,Cat
n02123394_7223,Cat
n02123394_7233,Cat
n02123394_724,Bottle
n02123394_724,Person
n02123394_728,Cat
n02123394_730,Cat
n02123394_7306,Cat
n02123394_734,Cat
n02123394_7343,Cat
n02123394_737,Cat
n02123394_738,Cat
n02123394_7384,Cat
n02123394_7389,Cat
n02123394_7392,Cat
n02123394_7406,Cat
n02123394_7462,Cat
n02123394_747,Cat
n02123394_7492,Cat
n02123394_7593,Cat
n02123394_7598,Cat
n02123394_76,Cat
n02123394_7601,Cat
n02123394_7646,Cat
n02123394_7684,Cat
n02123394_7700,Dog
n02123394_7700,Cat
n02123394_7702,Cat
n02123394_7707,Cat
n02123394_7707,Chair
n02123394_7707,Dinning Table
n02123394_7731,Cat
n02123394_7782,Dog
n02123394_7807,Cat
n02123394_7812,Cat
n02123394_7812,Bottle
n02123394_7836,Cat
n02123394_7847,Cat
n02123394_7848,Cat
n02123394_7871,Cat
n02123394_7887,Cat
n02123394_7893,Cat
n02123394_7901,Cat
n02123394_7935,Cat
n02123394_7935,Chair
n02123394_797,Cat
n02123394_80,Cat
n02123394_8009,Cat
n02123394_8098,Cat
n02123394_8130,Cat
n02123394_8141,Cat
n02123394_817,Cat
n02123394_8226,Cat
n02123394_8252,Cat
n02123394_8253,Cat
n02123394_8282,Cat
n02123394_8296,Cat
n02123394_8337,Cat
n02123394_834,Cat
n02123394_837,Cat
n02123394_8379,Cat
n02123394_8384,Cat
n02123394_8422,Cat
n02123394_8526,Chair
n02123394_8544,Cat
n02123394_8561,Cat
n02123394_8568,Cat
n02123394_8603,Cat
n02123394_8605,Cat
n02123394_8639,Cat
n02123394_8640,Cat
n02123394_8675,Cat
n02123394_8675,Person
n02123394_8695,Dog
n02123394_8695,Cat
n02123394_875,Cat
n02123394_8821,Cat
n02123394_8826,Cat
n02123394_888,Cat
n02123394_8938,Cat
n02123394_8946,Person
n02123394_8946,Cat
n02123394_8992,Dog
n02123394_9043,Cat
n02123394_916,Cat
n02123394_9227,Cat
n02123394_9237,Cat
n02123394_930,Dog
n02123394_932,Cat
n02123394_9356,Dog
n02123394_939,Cat
n02123394_939,Dog
n02123394_948,Cat
n02123394_9554,Bird
n02123394_959,Cat
n02123394_97,Cat
n02123394_9767,Cat
n02123394_981,Cat
n02123394_982,Cat
n02123394_985,Cat
n02123394_9878,Cat
n02123394_9939,Cat
n02123394_994,Cat
n02123394_995,Cat
n02123597_10105,Cat
n02123597_10136,Cat
n02123597_1016,Cat
n02123597_10164,Cat
n02123597_10203,Dog
n02123597_10203,Sofa
n02123597_10205,Cat
n02123597_10211,Cat
n02123597_1027,Cat
n02123597_10285,Cat
n02123597_10289,Person
n02123597_10289,TV/Monitor
n02123597_10289,Cat
n02123597_10417,Cat
n02123597_10419,Cat
n02123597_10425,Cat
n02123597_10470,Cat
n02123597_10484,Cat
n02123597_10514,Cat
n02123597_10529,Cat
n02123597_1054,Cat
n02123597_10544,Cat
n02123597_10599,Cat
n02123597_10635,Cat
n02123597_10648,Cat
n02123597_1070,Cat
n02123597_10712,Cat
n02123597_10760,Cat
n02123597_10878,Cat
n02123597_10891,Cat
n02123597_10896,Cat
n02123597_1091,Cat
n02123597_10914,Cat
n02123597_10941,Cat
n02123597_10952,Cat
n02123597_10994,Cat
n02123597_1102,Cat
n02123597_11027,Cat
n02123597_11037,Cat
n02123597_11040,Dog
n02123597_11056,Cat
n02123597_11061,Cat
n02123597_111,Dog
n02123597_11138,Cat
n02123597_11147,Cat
n02123597_11172,Cat
n02123597_11180,Cat
n02123597_11180,Potted plant
n02123597_1119,Cat
n02123597_11198,Cat
n02123597_11202,Cat
n02123597_11415,Cat
n02123597_11501,Cat
n02123597_1152,Person
n02123597_1152,Cat
n02123597_11529,Cat
n02123597_11551,Cat
n02123597_1158,Cat
n02123597_1162,Cat
n02123597_11650,Cat
n02123597_11658,Cat
n02123597_11658,Dog
n02123597_11723,Cat
n02123597_11735,Cat
n02123597_1174,Cat
n02123597_1174,Potted plant
n02123597_11752,Cat
n02123597_11799,Cat
n02123597_11804,Cat
n02123597_11858,Cat
n02123597_11877,Cat
n02123597_1189,Cat
n02123597_1192,Cat
n02123597_12,Dog
n02123597_12,Person
n02123597_12139,Cat
n02123597_12166,Cat
n02123597_12171,Cat
n02123597_12279,Cat
n02123597_12327,Cat
n02123597_12342,Cat
n02123597_12354,Cat
n02123597_1237,Person
n02123597_12380,Cat
n02123597_1245,Cat
n02123597_12554,Cat
n02123597_12554,Potted plant
n02123597_1257,Dog
n02123597_12576,Cat
n02123597_12585,Cat
n02123597_1260,Cat
n02123597_12651,Dog
n02123597_12687,Person
n02123597_12687,Cat
n02123597_12688,Cat
n02123597_12711,Cat
n02123597_1273,Cat
n02123597_12742,Cat
n02123597_12782,Cat
n02123597_12863,Cat
n02123597_12881,Cat
n02123597_12953,Dog
n02123597_12954,Cat
n02123597_12964,Cat
n02123597_12967,Dog
n02123597_13013,Cat
n02123597_13018,Cat
n02123597_13027,Cat
n02123597_13064,Cat
n02123597_1308,Cat
n02123597_13128,Cat
n02123597_13140,Cat
n02123597_13160,Cat
n02123597_13190,Cat
n02123597_13229,Dog
n02123597_13286,Cat
n02123597_13286,Sofa
n02123597_13299,Cat
n02123597_13357,Cat
n02123597_13411,Dog
n02123597_13466,TV/Monitor
n02123597_13490,Cat
n02123597_13500,Cat
n02123597_1352,Cat
n02123597_1352,TV/Monitor
n02123597_13529,Cat
n02123597_13596,Cat
n02123597_13596,Chair
n02123597_13606,Cat
n02123597_13616,Cat
n02123597_13654,Cat
n02123597_1369,Cat
n02123597_1374,Cat
n02123597_13769,Cat
n02123597_13772,Cat
n02123597_13774,Cat
n02123597_13778,Cat
n02123597_13784,Cat
n02123597_13825,Cat
n02123597_13834,Cat
n02123597_13843,Cat
n02123597_13934,Cat
n02123597_13934,Bottle
n02123597_1399,Cat
n02123597_14061,Bird
n02123597_14094,Cat
n02123597_1410,Cat
n02123597_14137,Cat
n02123597_14197,Cat
n02123597_14197,Dog
n02123597_14256,Cat
n02123597_14277,Cat
n02123597_14279,Cat
n02123597_14316,Dog
n02123597_14332,Cat
n02123597_14357,Cat
n02123597_14361,Cat
n02123597_14384,Dog
n02123597_14451,Cat
n02123597_14476,Cat
n02123597_1448,Cat
n02123597_1451,Cat
n02123597_14514,Cat
n02123597_14535,Cat
n02123597_14535,Dog
n02123597_14621,Cat
n02123597_14639,Cat
n02123597_14647,Cat
n02123597_14683,Cat
n02123597_14722,Cat
n02123597_14736,Cat
n02123597_14788,Cat
n02123597_14791,Cat
n02123597_14797,Cat
n02123597_1484,Cat
n02123597_15174,Dog
n02123597_1524,Cat
n02123597_1533,Cat
n02123597_15369,Cat
n02123597_15616,Cat
n02123597_1635,Cat
n02123597_1635,Dog
n02123597_1639,Cat
n02123597_1649,Cat
n02123597_166,Cat
n02123597_16676,Cat
n02123597_1678,Cat
n02123597_16975,Cat
n02123597_1750,Dog
n02123597_1798,Cat
n02123597_18,Cat
n02123597_1802,Cat
n02123597_1819,Cat
n02123597_1835,Cat
n02123597_1843,Dog
n02123597_1872,Cat
n02123597_18757,Dog
n02123597_18757,Cat
n02123597_18869,Cat
n02123597_18983,Cat
n02123597_1901,Cat
n02123597_19034,Cat
n02123597_1914,Cat
n02123597_1916,Potted plant
n02123597_1916,Cat
n02123597_1920,Cat
n02123597_19227,Cat
n02123597_1940,Cat
n02123597_1940,Person
n02123597_1994,Cat
n02123597_2,Cat
n02123597_2009,Dog
n02123597_2020,Cat
n02123597_2034,Cat
n02123597_20485,Cat
n02123597_20787,Cat
n02123597_2104,Horse
n02123597_2152,Cat
n02123597_2162,Cat
n02123597_2167,Dog
n02123597_2188,Person
n02123597_2188,Dog
n02123597_2203,Cat
n02123597_2225,Cat
n02123597_2228,Cat
n02123597_2232,Cat
n02123597_2239,Cat
n02123597_22430,Cat
n02123597_225,Cat
n02123597_2284,Cat
n02123597_2295,Cat
n02123597_22991,Cat
n02123597_2323,Cat
n02123597_23979,Cat
n02123597_2413,Cat
n02123597_2496,Cat
n02123597_2503,Cat
n02123597_2587,Cat
n02123597_2602,Cat
n02123597_2607,Cat
n02123597_26505,Cat
n02123597_2742,Cat
n02123597_2756,Cat
n02123597_277,Cat
n02123597_2777,Cat
n02123597_2789,Cat
n02123597_27951,Dog
n02123597_2822,Cat
n02123597_2839,Cat
n02123597_2842,Cat
n02123597_2850,Cat
n02123597_28530,Cat
n02123597_2912,Person
n02123597_2912,Cat
n02123597_2920,Cat
n02123597_29225,Cat
n02123597_295,Cat
n02123597_2957,Cat
n02123597_298,Cat
n02123597_3004,Cat
n02123597_3029,Cat
n02123597_3036,Dog
n02123597_3037,Cat
n02123597_3075,Cat
n02123597_3104,Cat
n02123597_3104,Potted plant
n02123597_3104,Chair
n02123597_3104,Dinning Table
n02123597_317,Cat
n02123597_3193,Cat
n02123597_3203,Cat
n02123597_3215,Cat
n02123597_3235,Cat
n02123597_3280,Cat
n02123597_3302,Cat
n02123597_33367,Cat
n02123597_3338,Cat
n02123597_334,Cat
n02123597_337,Cat
n02123597_339,Cat
n02123597_3401,Cat
n02123597_34046,Cat
n02123597_3408,Cat
n02123597_3498,Cat
n02123597_3501,Cat
n02123597_3517,Cat
n02123597_352,Cat
n02123597_3575,Cat
n02123597_3575,Sofa
n02123597_3590,Cat
n02123597_3634,Cat
n02123597_3686,Cat
n02123597_3690,Person
n02123597_3704,Cat
n02123597_3767,Cat
n02123597_3767,Chair
n02123597_3793,Cat
n02123597_3793,TV/Monitor
n02123597_3822,Cat
n02123597_3853,Cat
n02123597_386,Cat
n02123597_3867,Cat
n02123597_3916,Cat
n02123597_3921,Cat
n02123597_40,Person
n02123597_40,Cat
n02123597_40,Potted plant
n02123597_4065,Cat
n02123597_4104,Cat
n02123597_422,Cat
n02123597_422,Potted plant
n02123597_4222,Cat
n02123597_426,Cat
n02123597_4262,Cat
n02123597_4270,Cat
n02123597_4294,Cat
n02123597_4302,Cat
n02123597_4334,Cat
n02123597_4356,Cat
n02123597_4357,Cat
n02123597_4362,Cat
n02123597_4365,Cat
n02123597_4389,Cat
n02123597_439,Cat
n02123597_441,Cat
n02123597_4459,Cat
n02123597_4459,TV/Monitor
n02123597_446,Cat
n02123597_4516,Dog
n02123597_452,Cat
n02123597_4537,Cat
n02123597_454,Cat
n02123597_4546,Cat
n02123597_4595,Cat
n02123597_4607,Cat
n02123597_461,Cat
n02123597_4611,Cat
n02123597_4627,Cat
n02123597_4664,Cat
n02123597_4700,Cat
n02123597_4714,Cat
n02123597_4760,Cat
n02123597_4802,Cat
n02123597_4805,Cat
n02123597_4845,Cat
n02123597_4879,Cat
n02123597_4893,Cat
n02123597_4904,Dog
n02123597_4932,Cat
n02123597_4976,Cat
n02123597_4988,Cat
n02123597_4995,Cat
n02123597_4998,Cat
n02123597_511,Cat
n02123597_5127,Cat
n02123597_513,Cat
n02123597_5142,Cat
n02123597_5158,Cat
n02123597_5179,Cat
n02123597_5181,Cat
n02123597_5186,Cat
n02123597_5205,Cat
n02123597_5210,Cat
n02123597_5221,Cat
n02123597_5240,Cat
n02123597_5254,Dog
n02123597_5282,Cat
n02123597_5288,Person
n02123597_5288,Chair
n02123597_5340,Cat
n02123597_5360,Cat
n02123597_5378,Cat
n02123597_5438,Cat
n02123597_5493,Cat
n02123597_5514,Cat
n02123597_5530,Cat
n02123597_5573,Cat
n02123597_5583,Cat
n02123597_56,Cat
n02123597_5621,Cat
n02123597_564,Cat
n02123597_5655,Cat
n02123597_568,Cat
n02123597_5692,Cat
n02123597_5695,Cat
n02123597_5734,Cat
n02123597_5736,Cat
n02123597_5750,Cat
n02123597_578,Cat
n02123597_58,Cat
n02123597_5805,Cat
n02123597_5816,Cat
n02123597_5887,Cat
n02123597_589,Cat
n02123597_5911,Cat
n02123597_5927,Cat
n02123597_5951,Cat
n02123597_5968,Cat
n02123597_6154,Cat
n02123597_6186,Cat
n02123597_619,Cat
n02123597_62,Cat
n02123597_6209,Cat
n02123597_6242,Cat
n02123597_6258,Cat
n02123597_6268,Cat
n02123597_6282,Cat
n02123597_6296,Cat
n02123597_631,Cat
n02123597_6354,Cat
n02123597_6355,Cat
n02123597_6409,Cat
n02123597_6414,Bird
n02123597_6427,Cat
n02123597_6450,Cat
n02123597_6451,Cat
n02123597_6456,Dog
n02123597_6463,Cat
n02123597_647,Dog
n02123597_6475,Cat
n02123597_650,Cat
n02123597_6517,Cat
n02123597_6550,Cat
n02123597_6577,Cat
n02123597_6579,Cat
n02123597_660,Cat
n02123597_6613,Cat
n02123597_6641,Cat
n02123597_6660,Cat
n02123597_6702,Dog
n02123597_6702,Cat
n02123597_6710,Cat
n02123597_6717,Cat
n02123597_6721,Cat
n02123597_6737,Cat
n02123597_6787,Cat
n02123597_6873,Cat
n02123597_6904,Cat
n02123597_6956,Cat
n02123597_6969,Cat
n02123597_7016,Cat
n02123597_7033,Cat
n02123597_7055,Cat
n02123597_7069,Cat
n02123597_7078,Cat
n02123597_7090,Cat
n02123597_7094,Cat
n02123597_7098,Cat
n02123597_7099,Dog
n02123597_7121,Cat
n02123597_7128,Cat
n02123597_713,Cat
n02123597_7136,Person
n02123597_7136,Dog
n02123597_7137,Cat
n02123597_7150,Dinning Table
n02123597_7150,Cat
n02123597_7168,Cat
n02123597_7184,Cat
n02123597_7193,Cat
n02123597_7208,Cat
n02123597_7208,Person
n02123597_7218,Dog
n02123597_722,Cat
n02123597_7269,Cat
n02123597_727,Cat
n02123597_7283,Cat
n02123597_7297,Cat
n02123597_7308,Dog
n02123597_7317,Cat
n02123597_7344,Cat
n02123597_7358,Cat
n02123597_7373,Cat
n02123597_7423,Cat
n02123597_7446,Cat
n02123597_7473,Cat
n02123597_7485,Person
n02123597_7485,Dinning Table
n02123597_7485,Dog
n02123597_7485,Cat
n02123597_749,Person
n02123597_749,Dog
n02123597_7539,Cat
n02123597_7557,Cat
n02123597_7563,Cat
n02123597_7583,Cat
n02123597_7618,Cat
n02123597_765,Cat
n02123597_7681,Cat
n02123597_7684,Cat
n02123597_7684,Sofa
n02123597_7688,Cat
n02123597_7703,Cat
n02123597_7704,Cat
n02123597_7712,Cat
n02123597_7798,Cat
n02123597_7835,Cat
n02123597_7835,Sofa
n02123597_7839,Cat
n02123597_7863,Cat
n02123597_7885,Cat
n02123597_7895,Dog
n02123597_7931,Cat
n02123597_7933,Cat
n02123597_7963,Cat
n02123597_7999,Cat
n02123597_8002,Cat
n02123597_8009,Cat
n02123597_8010,Cat
n02123597_8089,Cat
n02123597_8099,Cat
n02123597_8113,Cat
n02123597_8131,Cat
n02123597_8136,Cat
n02123597_8165,Cat
n02123597_8220,Cat
n02123597_8337,Cat
n02123597_8397,Cat
n02123597_8438,Cat
n02123597_8490,Dog
n02123597_8497,Cat
n02123597_8497,Chair
n02123597_85,Cat
n02123597_8521,Cat
n02123597_854,Cat
n02123597_8584,Cat
n02123597_8588,Cat
n02123597_8644,Cat
n02123597_8656,Cat
n02123597_8672,Bicycle
n02123597_8672,Dog
n02123597_870,Cat
n02123597_8814,Cat
n02123597_893,Cat
n02123597_893,Person
n02123597_9032,Cat
n02123597_9079,Cat
n02123597_9091,Cat
n02123597_9134,Cat
n02123597_9134,Dog
n02123597_914,Cat
n02123597_9174,Cat
n02123597_9200,Cat
n02123597_9288,Cat
n02123597_9392,Cat
n02123597_9394,Cat
n02123597_9396,Cat
n02123597_9414,Cat
n02123597_9414,Potted plant
n02123597_9444,Cat
n02123597_95,Cat
n02123597_9501,Cat
n02123597_9531,Cat
n02123597_9655,Cat
n02123597_9656,Dog
n02123597_9656,Car
n02123597_9663,Cat
n02123597_9668,Cat
n02123597_9816,Cat
n02123597_9823,Cat
n02123597_9860,Cat
n02123597_9888,Cat
n02123597_989,Cat
n02123597_9901,Person
n02123597_9901,Cat
n02123597_9939,Cat
n02123597_9939,Chair
n02123597_9939,Dinning Table
n02123597_9948,Dog
n02123045_10096,Cat
n02123045_101,Cat
n02123045_10136,Cat
n02123045_10154,Cat
n02123045_10156,Cat
n02123045_10187,Cat
n02123045_10197,Cat
n02123045_10203,Cat
n02123045_10229,Cat
n02123045_10232,Cat
n02123045_10241,Cat
n02123045_10431,Cat
n02123045_10473,Cat
n02123045_10510,Cat
n02123045_10533,Cat
n02123045_10543,Cat
n02123045_1055,Cat
n02123045_10553,Cat
n02123045_10570,Cat
n02123045_10580,Cat
n02123045_10603,Cat
n02123045_10614,Cat
n02123045_10625,Cat
n02123045_10633,Cat
n02123045_10634,Cat
n02123045_10638,Cat
n02123045_10651,Cat
n02123045_10664,Cat
n02123045_10681,Cat
n02123045_10688,Cat
n02123045_10689,Cat
n02123045_10703,Cat
n02123045_10775,Cat
n02123045_10788,Cat
n02123045_10834,Cat
n02123045_10845,Cat
n02123045_10849,Cat
n02123045_10866,Cat
n02123045_10873,Cat
n02123045_10877,Cat
n02123045_10878,Cat
n02123045_10884,Cat
n02123045_10884,Chair
n02123045_10885,Cat
n02123045_10886,Cat
n02123045_10887,Cat
n02123045_10890,Cat
n02123045_10890,Person
n02123045_10894,Person
n02123045_10894,Cat
n02123045_10938,Cat
n02123045_10973,Cat
n02123045_11006,Cat
n02123045_11019,Cat
n02123045_11021,Cat
n02123045_11021,Chair
n02123045_11031,Dog
n02123045_11032,Cat
n02123045_11034,Cat
n02123045_11035,Cat
n02123045_11038,Cat
n02123045_11041,Cat
n02123045_11047,Cat
n02123045_11048,Cat
n02123045_11101,Cat
n02123045_11117,Cat
n02123045_11126,Cat
n02123045_11187,Cat
n02123045_1120,Cat
n02123045_11216,Cat
n02123045_11244,Cat
n02123045_11247,Cat
n02123045_11255,Dog
n02123045_11262,Cat
n02123045_11341,Cat
n02123045_11362,Cat
n02123045_11454,Cat
n02123045_11459,Cat
n02123045_11465,Cat
n02123045_11472,Cat
n02123045_11477,Cat
n02123045_11485,Cat
n02123045_11492,Cat
n02123045_11497,Cat
n02123045_11501,Cat
n02123045_11502,Cat
n02123045_11508,Cat
n02123045_11514,Cat
n02123045_11536,Cat
n02123045_11561,Cat
n02123045_11561,Sofa
n02123045_11562,Cat
n02123045_11566,Cat
n02123045_11593,Cat
n02123045_11601,Cat
n02123045_11668,Cat
n02123045_1169,Cat
n02123045_11701,Cat
n02123045_11748,Cat
n02123045_11758,Cat
n02123045_11787,Cat
n02123045_11809,Cat
n02123045_11822,Person
n02123045_11822,Cat
n02123045_11826,Cat
n02123045_1184,Cat
n02123045_11844,Cat
n02123045_11847,Cat
n02123045_11859,Cat
n02123045_1189,Cat
n02123045_11955,Cat
n02123045_11963,Cat
n02123045_11978,Cat
n02123045_11978,Sofa
n02123045_11994,Cat
n02123045_11995,Cat
n02123045_11996,Cat
n02123045_12010,Cat
n02123045_12040,Cat
n02123045_12046,Cat
n02123045_12060,Cat
n02123045_12069,Cat
n02123045_12077,Cat
n02123045_12081,Cat
n02123045_12084,Cat
n02123045_12088,Sofa
n02123045_12088,Cat
n02123045_12102,Cat
n02123045_12110,Cat
n02123045_12114,Person
n02123045_12117,Cat
n02123045_12119,Cat
n02123045_12120,Cat
n02123045_12122,Cat
n02123045_12124,Cat
n02123045_12163,Cat
n02123045_12181,Cat
n02123045_12185,Cat
n02123045_12200,Cat
n02123045_12206,Cat
n02123045_12211,Cat
n02123045_12214,Cat
n02123045_12219,Cat
n02123045_12237,Cat
n02123045_12262,Cat
n02123045_12278,Cat
n02123045_12297,Cat
n02123045_12303,Cat
n02123045_12323,Cat
n02123045_12325,Cat
n02123045_12327,Cat
n02123045_12332,Cat
n02123045_12390,Cat
n02123045_12411,Cat
n02123045_12462,Cat
n02123045_12465,Cat
n02123045_12482,Cat
n02123045_12483,Cat
n02123045_12558,Cat
n02123045_1259,Cat
n02123045_12620,Cat
n02123045_12626,Cat
n02123045_12632,Cat
n02123045_12655,Cat
n02123045_12657,Cat
n02123045_12658,Cat
n02123045_12659,Cat
n02123045_12662,Cat
n02123045_12666,Cat
n02123045_12677,Cat
n02123045_12682,Cat
n02123045_12691,Cat
n02123045_12691,Sofa
n02123045_12706,Cat
n02123045_12736,Cat
n02123045_12746,Cat
n02123045_12748,Cat
n02123045_12755,Cat
n02123045_12761,Cat
n02123045_12762,Cat
n02123045_12769,Cat
n02123045_12775,Cat
n02123045_12775,Person
n02123045_12800,Cat
n02123045_12812,Cat
n02123045_12812,Chair
n02123045_12818,Cat
n02123045_12820,Cat
n02123045_12826,Cat
n02123045_12833,Cat
n02123045_12838,Cat
n02123045_12844,Cat
n02123045_12852,Cat
n02123045_12890,Cat
n02123045_12957,Cat
n02123045_12966,Cat
n02123045_12974,Cat
n02123045_12980,Dog
n02123045_12998,Cat
n02123045_13011,Cat
n02123045_13015,Cat
n02123045_13021,Cat
n02123045_13023,Cat
n02123045_13034,Cat
n02123045_13038,Cat
n02123045_13039,Cat
n02123045_13042,Cat
n02123045_13047,Cat
n02123045_13048,Cat
n02123045_13060,Cat
n02123045_13066,Cat
n02123045_13139,Cat
n02123045_13141,Cat
n02123045_13151,Cat
n02123045_13159,Cat
n02123045_13163,Dog
n02123045_13166,Cat
n02123045_13169,Cat
n02123045_13171,Person
n02123045_13171,Chair
n02123045_13172,Person
n02123045_13174,Cat
n02123045_13186,Cat
n02123045_13192,Cat
n02123045_13197,Cat
n02123045_13199,Cat
n02123045_13202,Cat
n02123045_13211,Cat
n02123045_13211,TV/Monitor
n02123045_13212,Cat
n02123045_13220,Cat
n02123045_13228,Cat
n02123045_13283,Cat
n02123045_13299,Cat
n02123045_13304,Cat
n02123045_13308,Cat
n02123045_13309,Cat
n02123045_13341,Cat
n02123045_13354,Cat
n02123045_13360,TV/Monitor
n02123045_13360,Cat
n02123045_13363,Cat
n02123045_13370,Cat
n02123045_1361,Cat
n02123045_1405,Cat
n02123045_1417,Cat
n02123045_143,Cat
n02123045_1437,Cat
n02123045_1438,Cat
n02123045_1462,Cat
n02123045_1483,Cat
n02123045_1526,Cat
n02123045_1580,Cat
n02123045_1596,Cat
n02123045_16131,Cat
n02123045_16318,Cat
n02123045_1662,Cat
n02123045_16830,Cat
n02123045_169,Cat
n02123045_172,Cat
n02123045_173,Cat
n02123045_1754,Cat
n02123045_1787,Cat
n02123045_18,Cat
n02123045_1826,Cat
n02123045_184,Cat
n02123045_18568,Cat
n02123045_18654,Cat
n02123045_1902,Cat
n02123045_1955,Cat
n02123045_2025,Cat
n02123045_2033,Cat
n02123045_2038,Cat
n02123045_2062,Cat
n02123045_2071,Cat
n02123045_2087,Cat
n02123045_21002,Cat
n02123045_2110,Cat
n02123045_21174,Cat
n02123045_21184,Cat
n02123045_2138,Cat
n02123045_2143,Cat
n02123045_2145,Cat
n02123045_2153,Cat
n02123045_21545,Cat
n02123045_2218,Cat
n02123045_2244,Cat
n02123045_2274,Cat
n02123045_2286,Dog
n02123045_2286,Chair
n02123045_2315,Cat
n02123045_2336,Cat
n02123045_2338,Cat
n02123045_2354,Cat
n02123045_2384,Cat
n02123045_2418,Cat
n02123045_2439,Cat
n02123045_2466,Cat
n02123045_2511,Cat
n02123045_2608,Cat
n02123045_262,Cat
n02123045_2627,Cat
n02123045_2641,Cat
n02123045_2664,Cat
n02123045_2664,Potted plant
n02123045_2705,Cat
n02123045_2714,Cat
n02123045_2714,Sofa
n02123045_2714,Dog
n02123045_2738,Cat
n02123045_2742,Cat
n02123045_2747,Cat
n02123045_2757,Cat
n02123045_2777,Cat
n02123045_281,Cat
n02123045_2825,Cat
n02123045_2825,Person
n02123045_2833,Cat
n02123045_2833,Potted plant
n02123045_2852,Cat
n02123045_2899,Cat
n02123045_2902,Cat
n02123045_2926,Cat
n02123045_2929,Person
n02123045_2929,Cat
n02123045_3006,Cat
n02123045_3027,Cat
n02123045_3069,Cat
n02123045_3078,Cat
n02123045_3089,Cat
n02123045_3098,Cat
n02123045_3144,Cat
n02123045_3217,Cat
n02123045_3244,Cat
n02123045_328,Cat
n02123045_3281,Cat
n02123045_3298,Cat
n02123045_3320,Cat
n02123045_3342,Cat
n02123045_3429,Cat
n02123045_3435,Cat
n02123045_344,Cat
n02123045_3451,Cat
n02123045_3477,Cat
n02123045_3486,Cat
n02123045_3491,Cat
n02123045_3527,Cat
n02123045_355,Cat
n02123045_3551,Cat
n02123045_3557,Cat
n02123045_3558,Cat
n02123045_3566,Cat
n02123045_3567,Cat
n02123045_3588,Cat
n02123045_359,Cat
n02123045_3593,Cat
n02123045_3649,Cat
n02123045_3729,Cat
n02123045_377,Cat
n02123045_3838,Cat
n02123045_3838,TV/Monitor
n02123045_385,Cat
n02123045_3854,Cat
n02123045_3868,Car
n02123045_3868,Cat
n02123045_3872,Cat
n02123045_3884,Cat
n02123045_390,Cat
n02123045_3965,Cat
n02123045_3965,Sofa
n02123045_3968,Cat
n02123045_3974,Cat
n02123045_3998,Cat
n02123045_4086,Cat
n02123045_4111,Cat
n02123045_4280,Cat
n02123045_4300,Cat
n02123045_4301,Cat
n02123045_4314,Cat
n02123045_4482,Cat
n02123045_452,Cat
n02123045_4550,Cat
n02123045_4571,Cat
n02123045_4593,Cat
n02123045_4629,Cat
n02123045_4717,Cat
n02123045_4720,Cat
n02123045_4721,Cat
n02123045_473,Cat
n02123045_4733,Cat
n02123045_4742,Cat
n02123045_4841,Cat
n02123045_4842,Cat
n02123045_4850,Cat
n02123045_4881,Cat
n02123045_4929,Cat
n02123045_5009,Cat
n02123045_502,Cat
n02123045_5057,Cat
n02123045_507,Cat
n02123045_5116,Cat
n02123045_5116,Chair
n02123045_5116,Dinning Table
n02123045_5123,Cat
n02123045_5167,Cat
n02123045_5173,Cat
n02123045_5175,Cat
n02123045_5179,Cat
n02123045_5204,Cat
n02123045_5216,Cat
n02123045_5236,Cat
n02123045_5271,Cat
n02123045_5369,Cat
n02123045_5369,Dinning Table
n02123045_5387,Cat
n02123045_5392,Cat
n02123045_5446,Cat
n02123045_5466,Cat
n02123045_5476,Cat
n02123045_5525,Cat
n02123045_5549,Cat
n02123045_5556,Cat
n02123045_5597,Cat
n02123045_5616,Cat
n02123045_562,Cat
n02123045_5713,Cat
n02123045_5747,Cat
n02123045_5775,Cat
n02123045_5803,Cat
n02123045_5803,Dinning Table
n02123045_5892,Cat
n02123045_5915,Cat
n02123045_6039,Cat
n02123045_6080,Cat
n02123045_6091,TV/Monitor
n02123045_6091,Person
n02123045_6091,Cat
n02123045_6109,Cat
n02123045_6123,Cat
n02123045_6125,Cat
n02123045_6219,Cat
n02123045_624,Cat
n02123045_6260,Cat
n02123045_6283,Cat
n02123045_6286,Cat
n02123045_6412,Cat
n02123045_6426,Cat
n02123045_6434,Cat
n02123045_6470,Cat
n02123045_648,Cat
n02123045_6494,Cat
n02123045_6572,Cat
n02123045_659,Cat
n02123045_662,Cat
n02123045_6622,Cat
n02123045_6629,Cat
n02123045_6636,Cat
n02123045_6638,Cat
n02123045_6677,Cat
n02123045_6741,Cat
n02123045_6769,Cat
n02123045_6992,Cat
n02123045_7021,Cat
n02123045_7048,Cat
n02123045_7052,Cat
n02123045_713,Cat
n02123045_7161,Cat
n02123045_7181,Cat
n02123045_7183,Cat
n02123045_7197,Cat
n02123045_7240,Cat
n02123045_7262,Cat
n02123045_7288,Cat
n02123045_7302,Cat
n02123045_7307,Cat
n02123045_7335,Cat
n02123045_734,Cat
n02123045_7423,Cat
n02123045_7449,Cat
n02123045_7471,Cat
n02123045_7482,Cat
n02123045_7483,Cat
n02123045_7495,Cat
n02123045_7509,Cat
n02123045_7538,Cat
n02123045_7649,Cat
n02123045_768,Cat
n02123045_7747,Cat
n02123045_776,Cat
n02123045_7770,Cat
n02123045_7774,Cat
n02123045_7804,Cat
n02123045_7812,Cat
n02123045_782,Cat
n02123045_7838,Cat
n02123045_7877,Cat
n02123045_7894,Cat
n02123045_7902,Cat
n02123045_795,Cat
n02123045_795,Chair
n02123045_8010,Cat
n02123045_8031,Cat
n02123045_8037,Cat
n02123045_8037,Person
n02123045_8056,Cat
n02123045_8075,Cat
n02123045_8088,Cat
n02123045_8127,Cat
n02123045_8141,Cat
n02123045_8203,Cat
n02123045_8215,Cat
n02123045_8231,Cat
n02123045_8237,Cat
n02123045_8271,Cat
n02123045_8296,Cat
n02123045_8317,Cat
n02123045_8317,Sofa
n02123045_8336,Cat
n02123045_8392,Cat
n02123045_840,Cat
n02123045_8409,Cat
n02123045_8425,Cat
n02123045_8535,Cat
n02123045_8543,Cat
n02123045_8579,Cat
n02123045_8602,Cat
n02123045_8607,Cat
n02123045_8630,Cat
n02123045_8638,Cat
n02123045_8648,Cat
n02123045_8700,Cat
n02123045_8722,Cat
n02123045_873,Cat
n02123045_873,Potted plant
n02123045_8751,Cat
n02123045_8773,Cat
n02123045_8783,Cat
n02123045_8787,Cat
n02123045_8819,Cat
n02123045_8894,Cat
n02123045_8919,Cat
n02123045_8923,Cat
n02123045_8937,Cat
n02123045_8943,Cat
n02123045_8971,Cat
n02123045_9,Cat
n02123045_9058,Cat
n02123045_9059,Cat
n02123045_9060,Cat
n02123045_909,Cat
n02123045_9103,Cat
n02123045_9125,Cat
n02123045_913,Cat
n02123045_9180,Cat
n02123045_9185,Cat
n02123045_9212,Cat
n02123045_9284,Cat
n02123045_93,Cat
n02123045_9309,Cat
n02123045_9314,Cat
n02123045_9323,Cat
n02123045_9341,Cat
n02123045_9349,Cat
n02123045_9364,Cat
n02123045_9404,Cat
n02123045_9413,Cat
n02123045_9428,Cat
n02123045_945,Cat
n02123045_945,Person
n02123045_9466,Cat
n02123045_9466,Potted plant
n02123045_9466,TV/Monitor
n02123045_9468,Cat
n02123045_9482,Cat
n02123045_9492,Cat
n02123045_9647,Cat
n02123045_9669,Cat
n02123045_9704,Cat
n02123045_971,Cat
n02123045_9721,Cat
n02123045_9725,Cat
n02123045_9737,Cat
n02123045_9743,Dog
n02123045_9743,Cat
n02123045_9779,Cat
n02123045_9789,Cat
n02123045_9789,Potted plant
n02123045_9813,Person
n02123045_9813,Cat
n02123045_9813,Sofa
n02123045_9845,Cat
n02123045_987,Cat
n02123045_9901,Cat
n02123045_9907,Cat
n02123045_9922,Cat
n02123045_9968,Cat
